<?xml version="1.0" encoding="UTF-8"?>
<config date="1450771014048" transient="false">
	<site updateable="true" url="platform:/base/" enabled="true" policy="USER-EXCLUDE">
		<feature id="org.eclipse.e4.rcp" version="1.4.0.v20150903-1804" url="features/org.eclipse.e4.rcp_1.4.0.v20150903-1804/">
		</feature>
		<feature id="org.eclipse.emf.common" version="2.11.0.v20150805-0538" url="features/org.eclipse.emf.common_2.11.0.v20150805-0538/">
		</feature>
		<feature id="org.eclipse.rcp" version="4.5.1.v20150904-0015" url="features/org.eclipse.rcp_4.5.1.v20150904-0015/">
		</feature>
		<feature id="scouter.client.feature" version="1.0.0.201512220756" url="features/scouter.client.feature_1.0.0.201512220756/">
		</feature>
		<feature id="org.eclipse.emf.ecore" version="2.11.1.v20150805-0538" url="features/org.eclipse.emf.ecore_2.11.1.v20150805-0538/">
		</feature>
	</site>
</config>
